City,Total_Spend,Percentage_Contribution
"Greater Mumbai, India",576751476,14.153989211474931
"Bengaluru, India",572326739,14.045402268280677
"Ahmedabad, India",567794310,13.9341724685536
"Delhi, India",556929212,13.667533393886337
"Kolkata, India",115466943,2.8336604820478875
