expense_type,female_percentage_contribution
Bills,63.9458793277701
Entertainment,49.3729075420464
Food,54.9053106322263
Fuel,49.710380717846036
Grocery,50.911022600902164
Travel,51.13287042072375
